<?xml version="1.0" encoding="UTF-8"?>
<metadata xml:lang="fr"><Esri><CreaDate>20230907</CreaDate><CreaTime>13314700</CreaTime><ArcGISFormat>1.0</ArcGISFormat><SyncOnce>TRUE</SyncOnce><DataProperties><lineage><Process ToolSource="c:\program files (x86)\arcgis\desktop10.8\ArcToolbox\Toolboxes\Data Management Tools.tbx\Append" Date="20230907" Time="132058">Append anzc_lacoquille an_zc_restant TEST # #</Process><Process ToolSource="c:\program files (x86)\arcgis\desktop10.8\ArcToolbox\Toolboxes\Data Management Tools.tbx\Append" Date="20230907" Time="132401">Append new_zc an_zc_restant NO_TEST "ID_ZC "ID_ZC" true true false 4 Long 0 0 ,First,#;ZC "ZC" true true false 254 Text 0 0 ,First,#,new_zc,Scenario4,-1,-1;Shape_Leng "Shape_Leng" true true false 8 Double 0 0 ,First,#,new_zc,Shape_Area,-1,-1;Shape_Length "Shape_Length" false true true 8 Double 0 0 ,First,#,new_zc,Shape_Length,-1,-1;Shape_Area "Shape_Area" false true true 8 Double 0 0 ,First,#,new_zc,Shape_Area,-1,-1" #</Process></lineage></DataProperties></Esri></metadata>
